[
    {
        "model": "investment.applicationmodel",
        "pk": 1,
        "fields": {
            "name": "conta_pool",
            "display_text": "Conta pool com juros simples diários",
            "app_model_class": "SimpleInterestPoolAccount",
            "date_created": "2022-05-05T14:00:01.087Z",
            "is_active": true,
            "operator": 1
        }
    },
    {
        "model": "investment.applicationmodel",
        "pk": 2,
        "fields": {
            "name": "ninja_trader",
            "display_text": "Ninja Trader",
            "app_model_class": "NinjaTradertPoolAccount",
            "date_created": "2022-05-05T14:28:35.527Z",
            "is_active": true,
            "operator": 1
        }
    },
    {
        "model": "investment.application",
        "pk": 1,
        "fields": {
            "name": "conta_pool",
            "display_text": "Conta pool",
            "application_model": 1,
            "date_created": "2022-05-05T14:00:30.059Z",
            "is_active": true,
            "has_application_settings": true,
            "has_account_settings": true,
            "operator": 1,
            "settings_related_name": "pool_account_settings"
        }
    },
    {
        "model": "investment.application",
        "pk": 2,
        "fields": {
            "name": "ninja_trader",
            "display_text": "Ninja Trader",
            "application_model": 2,
            "date_created": "2022-05-05T14:29:27.348Z",
            "is_active": true,
            "has_application_settings": false,
            "has_account_settings": false,
            "operator": 1,
            "settings_related_name": "ninja_trader_settings"
        }
    },
    {
        "model": "investment.applicationaccount",
        "pk": 1,
        "fields": {
            "user": 2,
            "application": 1,
            "date_created": "2022-05-05T15:13:58.026Z",
            "date_activated": "2022-05-05T15:14:31.509Z",
            "date_deactivated": null,
            "is_active": true,
            "operator": 1,
            "creation_status": "CRE",
            "message": null
        }
    }
]